Loan_ID,Gender,Married,Dependents,Education,Self_Employed,ApplicantIncome,CoapplicantIncome,LoanAmount,Loan_Amount_Term,Credit_History,Property_Area,Loan_Status,Total_Income
LP001002,Male,No,0,Graduate,No,5849.00,0.00,127.00,360,1,Urban,Y,5849.00
LP001003,Male,Yes,1,Graduate,No,4583.00,1508.00,128.00,360,1,Rural,N,6091.00
LP001005,Male,Yes,0,Graduate,Yes,3000.00,0.00,66.00,360,1,Urban,Y,3000.00
LP001006,Male,Yes,0,"Not Graduate",No,2583.00,2358.00,120.00,360,1,Urban,Y,4941.00
LP001008,Male,No,0,Graduate,No,6000.00,0.00,141.00,360,1,Urban,Y,6000.00
LP001011,Male,Yes,2,Graduate,Yes,5417.00,4196.00,267.00,360,1,Urban,Y,9613.00
LP001013,Male,Yes,0,"Not Graduate",No,2333.00,1516.00,95.00,360,1,Urban,Y,3849.00
LP001014,Male,Yes,3,Graduate,No,3036.00,2504.00,158.00,360,0,Semiurban,N,5540.00
LP001018,Male,Yes,2,Graduate,No,4006.00,1526.00,168.00,360,1,Urban,Y,5532.00
LP001020,Male,Yes,1,Graduate,No,12841.00,10968.00,349.00,360,1,Semiurban,N,23809.00
LP001024,Male,Yes,2,Graduate,No,3200.00,700.00,70.00,360,1,Urban,Y,3900.00
LP001027,Male,Yes,2,Graduate,No,2500.00,1840.00,109.00,360,1,Urban,Y,4340.00
LP001028,Male,Yes,2,Graduate,No,3073.00,8106.00,200.00,360,1,Urban,Y,11179.00
LP001029,Male,No,0,Graduate,No,1853.00,2840.00,114.00,360,1,Rural,N,4693.00
LP001030,Male,Yes,2,Graduate,No,1299.00,1086.00,17.00,120,1,Urban,Y,2385.00
LP001032,Male,No,0,Graduate,No,4950.00,0.00,125.00,360,1,Urban,Y,4950.00
LP001034,Male,No,1,"Not Graduate",No,3596.00,0.00,100.00,240,1,Urban,Y,3596.00
LP001036,Female,No,0,Graduate,No,3510.00,0.00,76.00,360,0,Urban,N,3510.00
LP001038,Male,Yes,0,"Not Graduate",No,4887.00,0.00,133.00,360,1,Rural,N,4887.00
LP001041,Male,Yes,0,Graduate,No,2600.00,3500.00,115.00,360,1,Urban,Y,6100.00
LP001043,Male,Yes,0,"Not Graduate",No,7660.00,0.00,104.00,360,0,Urban,N,7660.00
LP001046,Male,Yes,1,Graduate,No,5955.00,5625.00,315.00,360,1,Urban,Y,11580.00
LP001047,Male,Yes,0,"Not Graduate",No,2600.00,1911.00,116.00,360,0,Semiurban,N,4511.00
LP001050,other,Yes,2,"Not Graduate",No,3365.00,1917.00,112.00,360,0,Rural,N,5282.00
LP001052,Male,Yes,1,Graduate,No,3717.00,2925.00,151.00,360,1,Semiurban,N,6642.00
LP001066,Male,Yes,0,Graduate,Yes,9560.00,0.00,191.00,360,1,Semiurban,Y,9560.00
LP001068,Male,Yes,0,Graduate,No,2799.00,2253.00,122.00,360,1,Semiurban,Y,5052.00
LP001073,Male,Yes,2,"Not Graduate",No,4226.00,1040.00,110.00,360,1,Urban,Y,5266.00
LP001086,Male,No,0,"Not Graduate",No,1442.00,0.00,35.00,360,1,Urban,N,1442.00
LP001087,Female,No,2,Graduate,No,3750.00,2083.00,120.00,360,1,Semiurban,Y,5833.00
LP001091,Male,Yes,1,Graduate,No,4166.00,3369.00,201.00,360,1,Urban,N,7535.00
LP001095,Male,No,0,Graduate,No,3167.00,0.00,74.00,360,1,Urban,N,3167.00
LP001097,Male,No,1,Graduate,Yes,4692.00,0.00,106.00,360,1,Rural,N,4692.00
LP001098,Male,Yes,0,Graduate,No,3500.00,1667.00,114.00,360,1,Semiurban,Y,5167.00
LP001100,Male,No,3,Graduate,No,12500.00,3000.00,320.00,360,1,Rural,N,15500.00
LP001106,Male,Yes,0,Graduate,No,2275.00,2067.00,127.00,360,1,Urban,Y,4342.00
LP001109,Male,Yes,0,Graduate,No,1828.00,1330.00,100.00,360,0,Urban,N,3158.00
LP001112,Female,Yes,0,Graduate,No,3667.00,1459.00,144.00,360,1,Semiurban,Y,5126.00
LP001114,Male,No,0,Graduate,No,4166.00,7210.00,184.00,360,1,Urban,Y,11376.00
LP001116,Male,No,0,"Not Graduate",No,3748.00,1668.00,110.00,360,1,Semiurban,Y,5416.00
LP001119,Male,No,0,Graduate,No,3600.00,0.00,80.00,360,1,Urban,N,3600.00
LP001120,Male,No,0,Graduate,No,1800.00,1213.00,47.00,360,1,Urban,Y,3013.00
LP001123,Male,Yes,0,Graduate,No,2400.00,0.00,75.00,360,1,Urban,Y,2400.00
LP001131,Male,Yes,0,Graduate,No,3941.00,2336.00,134.00,360,1,Semiurban,Y,6277.00
LP001136,Male,Yes,0,"Not Graduate",Yes,4695.00,0.00,96.00,360,1,Urban,Y,4695.00
LP001137,Female,No,0,Graduate,No,3410.00,0.00,88.00,360,1,Urban,Y,3410.00
LP001138,Male,Yes,1,Graduate,No,5649.00,0.00,44.00,360,1,Urban,Y,5649.00
LP001144,Male,Yes,0,Graduate,No,5821.00,0.00,144.00,360,1,Urban,Y,5821.00
LP001146,Female,Yes,0,Graduate,No,2645.00,3440.00,120.00,360,0,Urban,N,6085.00
LP001151,Female,No,0,Graduate,No,4000.00,2275.00,144.00,360,1,Semiurban,Y,6275.00
LP001155,Female,Yes,0,"Not Graduate",No,1928.00,1644.00,100.00,360,1,Semiurban,Y,3572.00
LP001157,Female,No,0,Graduate,No,3086.00,0.00,120.00,360,1,Semiurban,Y,3086.00
LP001164,Female,No,0,Graduate,No,4230.00,0.00,112.00,360,1,Semiurban,N,4230.00
LP001179,Male,Yes,2,Graduate,No,4616.00,0.00,134.00,360,1,Urban,N,4616.00
LP001186,Female,Yes,1,Graduate,Yes,11500.00,0.00,286.00,360,0,Urban,N,11500.00
LP001194,Male,Yes,2,Graduate,No,2708.00,1167.00,97.00,360,1,Semiurban,Y,3875.00
LP001195,Male,Yes,0,Graduate,No,2132.00,1591.00,96.00,360,1,Semiurban,Y,3723.00
LP001197,Male,Yes,0,Graduate,No,3366.00,2200.00,135.00,360,1,Rural,N,5566.00
LP001198,Male,Yes,1,Graduate,No,8080.00,2250.00,180.00,360,1,Urban,Y,10330.00
LP001199,Male,Yes,2,"Not Graduate",No,3357.00,2859.00,144.00,360,1,Urban,Y,6216.00
LP001205,Male,Yes,0,Graduate,No,2500.00,3796.00,120.00,360,1,Urban,Y,6296.00
LP001206,Male,Yes,3,Graduate,No,3029.00,0.00,99.00,360,1,Urban,Y,3029.00
LP001207,Male,Yes,0,"Not Graduate",Yes,2609.00,3449.00,165.00,180,0,Rural,N,6058.00
LP001213,Male,Yes,1,Graduate,No,4945.00,0.00,127.00,360,0,Rural,N,4945.00
LP001222,Female,No,0,Graduate,No,4166.00,0.00,116.00,360,0,Semiurban,N,4166.00
LP001225,Male,Yes,0,Graduate,No,5726.00,4595.00,258.00,360,1,Semiurban,N,10321.00
LP001228,Male,No,0,"Not Graduate",No,3200.00,2254.00,126.00,180,0,Urban,N,5454.00
LP001233,Male,Yes,1,Graduate,No,10750.00,0.00,312.00,360,1,Urban,Y,10750.00
LP001238,Male,Yes,3,"Not Graduate",Yes,7100.00,0.00,125.00,60,1,Urban,Y,7100.00
LP001241,Female,No,0,Graduate,No,4300.00,0.00,136.00,360,0,Semiurban,N,4300.00
LP001243,Male,Yes,0,Graduate,No,3208.00,3066.00,172.00,360,1,Urban,Y,6274.00
LP001245,Male,Yes,2,"Not Graduate",Yes,1875.00,1875.00,97.00,360,1,Semiurban,Y,3750.00
LP001248,Male,No,0,Graduate,No,3500.00,0.00,81.00,300,1,Semiurban,Y,3500.00
LP001250,Male,Yes,3,"Not Graduate",No,4755.00,0.00,95.00,360,0,Semiurban,N,4755.00
LP001253,Male,Yes,3,Graduate,Yes,5266.00,1774.00,187.00,360,1,Semiurban,Y,7040.00
LP001255,Male,No,0,Graduate,No,3750.00,0.00,113.00,480,1,Urban,N,3750.00
LP001256,Male,No,0,Graduate,No,3750.00,4750.00,176.00,360,1,Urban,N,8500.00
LP001259,Male,Yes,1,Graduate,Yes,1000.00,3022.00,110.00,360,1,Urban,N,4022.00
LP001263,Male,Yes,3,Graduate,No,3167.00,4000.00,180.00,300,0,Semiurban,N,7167.00
LP001264,Male,Yes,3,"Not Graduate",Yes,3333.00,2166.00,130.00,360,1,Semiurban,Y,5499.00
LP001265,Female,No,0,Graduate,No,3846.00,0.00,111.00,360,1,Semiurban,Y,3846.00
LP001266,Male,Yes,1,Graduate,Yes,2395.00,0.00,127.00,360,1,Semiurban,Y,2395.00
LP001267,Female,Yes,2,Graduate,No,1378.00,1881.00,167.00,360,1,Urban,N,3259.00
LP001273,Male,Yes,0,Graduate,No,6000.00,2250.00,265.00,360,1,Semiurban,N,8250.00
LP001275,Male,Yes,1,Graduate,No,3988.00,0.00,50.00,240,1,Urban,Y,3988.00
LP001279,Male,No,0,Graduate,No,2366.00,2531.00,136.00,360,1,Semiurban,Y,4897.00
LP001280,Male,Yes,2,"Not Graduate",No,3333.00,2000.00,99.00,360,1,Semiurban,Y,5333.00
LP001282,Male,Yes,0,Graduate,No,2500.00,2118.00,104.00,360,1,Semiurban,Y,4618.00
LP001289,Male,No,0,Graduate,No,8566.00,0.00,210.00,360,1,Urban,Y,8566.00
LP001310,Male,Yes,0,Graduate,No,5695.00,4167.00,175.00,360,1,Semiurban,Y,9862.00
LP001316,Male,Yes,0,Graduate,No,2958.00,2900.00,131.00,360,1,Semiurban,Y,5858.00
LP001318,Male,Yes,2,Graduate,No,6250.00,5654.00,188.00,180,1,Semiurban,Y,11904.00
LP001319,Male,Yes,2,"Not Graduate",No,3273.00,1820.00,81.00,360,1,Urban,Y,5093.00
LP001322,Male,No,0,Graduate,No,4133.00,0.00,122.00,360,1,Semiurban,Y,4133.00
LP001325,Male,No,0,"Not Graduate",No,3620.00,0.00,25.00,120,1,Semiurban,Y,3620.00
LP001326,Male,No,0,Graduate,No,6782.00,0.00,127.00,360,1,Urban,N,6782.00
LP001327,Female,Yes,0,Graduate,No,2484.00,2302.00,137.00,360,1,Semiurban,Y,4786.00
LP001333,Male,Yes,0,Graduate,No,1977.00,997.00,50.00,360,1,Semiurban,Y,2974.00
LP001334,Male,Yes,0,"Not Graduate",No,4188.00,0.00,115.00,180,1,Semiurban,Y,4188.00
LP001343,Male,Yes,0,Graduate,No,1759.00,3541.00,131.00,360,1,Semiurban,Y,5300.00
LP001345,Male,Yes,2,"Not Graduate",No,4288.00,3263.00,133.00,180,1,Urban,Y,7551.00
LP001349,Male,No,0,Graduate,No,4843.00,3806.00,151.00,360,1,Semiurban,Y,8649.00
LP001350,Male,Yes,0,Graduate,No,13650.00,0.00,127.00,360,1,Urban,Y,13650.00
LP001356,Male,Yes,0,Graduate,No,4652.00,3583.00,127.00,360,1,Semiurban,Y,8235.00
LP001357,Male,unknown,0,Graduate,No,3816.00,754.00,160.00,360,1,Urban,Y,4570.00
LP001367,Male,Yes,1,Graduate,No,3052.00,1030.00,100.00,360,1,Urban,Y,4082.00
LP001369,Male,Yes,2,Graduate,No,11417.00,1126.00,225.00,360,1,Urban,Y,12543.00
LP001370,Male,No,0,"Not Graduate",No,7333.00,0.00,120.00,360,1,Rural,N,7333.00
LP001379,Male,Yes,2,Graduate,No,3800.00,3600.00,216.00,360,0,Urban,N,7400.00
LP001384,Male,Yes,3,"Not Graduate",No,2071.00,754.00,94.00,480,1,Semiurban,Y,2825.00
LP001385,Male,No,0,Graduate,No,5316.00,0.00,136.00,360,1,Urban,Y,5316.00
LP001387,Female,Yes,0,Graduate,No,2929.00,2333.00,139.00,360,1,Semiurban,Y,5262.00
LP001391,Male,Yes,0,"Not Graduate",No,3572.00,4114.00,152.00,360,0,Rural,N,7686.00
LP001392,Female,No,1,Graduate,Yes,7451.00,0.00,127.00,360,1,Semiurban,Y,7451.00
LP001398,Male,No,0,Graduate,No,5050.00,0.00,118.00,360,1,Semiurban,Y,5050.00
LP001401,Male,Yes,1,Graduate,No,14583.00,0.00,185.00,180,1,Rural,Y,14583.00
LP001404,Female,Yes,0,Graduate,No,3167.00,2283.00,154.00,360,1,Semiurban,Y,5450.00
LP001405,Male,Yes,1,Graduate,No,2214.00,1398.00,85.00,360,1,Urban,Y,3612.00
LP001421,Male,Yes,0,Graduate,No,5568.00,2142.00,175.00,360,1,Rural,N,7710.00
LP001422,Female,No,0,Graduate,No,10408.00,0.00,259.00,360,1,Urban,Y,10408.00
LP001426,Male,Yes,0,Graduate,No,5667.00,2667.00,180.00,360,1,Rural,Y,8334.00
LP001430,Female,No,0,Graduate,No,4166.00,0.00,44.00,360,1,Semiurban,Y,4166.00
LP001431,Female,No,0,Graduate,No,2137.00,8980.00,137.00,360,0,Semiurban,Y,11117.00
LP001432,Male,Yes,2,Graduate,No,2957.00,0.00,81.00,360,1,Semiurban,Y,2957.00
LP001439,Male,Yes,0,"Not Graduate",No,4300.00,2014.00,194.00,360,1,Rural,Y,6314.00
LP001443,Female,No,0,Graduate,No,3692.00,0.00,93.00,360,1,Rural,Y,3692.00
LP001448,other,Yes,3,Graduate,No,23803.00,0.00,370.00,360,1,Rural,Y,23803.00
LP001449,Male,No,0,Graduate,No,3865.00,1640.00,127.00,360,1,Rural,Y,5505.00
LP001451,Male,Yes,1,Graduate,Yes,10513.00,3850.00,160.00,180,0,Urban,N,14363.00
LP001465,Male,Yes,0,Graduate,No,6080.00,2569.00,182.00,360,1,Rural,N,8649.00
LP001469,Male,No,0,Graduate,Yes,20166.00,0.00,650.00,480,1,Urban,Y,20166.00
LP001473,Male,No,0,Graduate,No,2014.00,1929.00,74.00,360,1,Urban,Y,3943.00
LP001478,Male,No,0,Graduate,No,2718.00,0.00,70.00,360,1,Semiurban,Y,2718.00
LP001482,Male,Yes,0,Graduate,Yes,3459.00,0.00,25.00,120,1,Semiurban,Y,3459.00
LP001487,Male,No,0,Graduate,No,4895.00,0.00,102.00,360,1,Semiurban,Y,4895.00
LP001488,Male,Yes,3,Graduate,No,4000.00,7750.00,290.00,360,1,Semiurban,N,11750.00
LP001489,Female,Yes,0,Graduate,No,4583.00,0.00,84.00,360,1,Rural,N,4583.00
LP001491,Male,Yes,2,Graduate,Yes,3316.00,3500.00,88.00,360,1,Urban,Y,6816.00
LP001492,Male,No,0,Graduate,No,14999.00,0.00,242.00,360,0,Semiurban,N,14999.00
LP001493,Male,Yes,2,"Not Graduate",No,4200.00,1430.00,129.00,360,1,Rural,N,5630.00
LP001497,Male,Yes,2,Graduate,No,5042.00,2083.00,185.00,360,1,Rural,N,7125.00
LP001498,Male,No,0,Graduate,No,5417.00,0.00,168.00,360,1,Urban,Y,5417.00
LP001504,Male,No,0,Graduate,Yes,6950.00,0.00,175.00,180,1,Semiurban,Y,6950.00
LP001507,Male,Yes,0,Graduate,No,2698.00,2034.00,122.00,360,1,Semiurban,Y,4732.00
LP001508,Male,Yes,2,Graduate,No,11757.00,0.00,187.00,180,1,Urban,Y,11757.00
LP001514,Female,Yes,0,Graduate,No,2330.00,4486.00,100.00,360,1,Semiurban,Y,6816.00
LP001516,Female,Yes,2,Graduate,No,14866.00,0.00,70.00,360,1,Urban,Y,14866.00
LP001518,Male,Yes,1,Graduate,No,1538.00,1425.00,30.00,360,1,Urban,Y,2963.00
LP001519,Female,No,0,Graduate,No,10000.00,1666.00,225.00,360,1,Rural,N,11666.00
LP001520,Male,Yes,0,Graduate,No,4860.00,830.00,125.00,360,1,Semiurban,Y,5690.00
LP001528,Male,No,0,Graduate,No,6277.00,0.00,118.00,360,0,Rural,N,6277.00
LP001529,Male,Yes,0,Graduate,Yes,2577.00,3750.00,152.00,360,1,Rural,Y,6327.00
LP001531,Male,No,0,Graduate,No,9166.00,0.00,244.00,360,1,Urban,N,9166.00
LP001532,Male,Yes,2,"Not Graduate",No,2281.00,0.00,113.00,360,1,Rural,N,2281.00
LP001535,Male,No,0,Graduate,No,3254.00,0.00,50.00,360,1,Urban,Y,3254.00
LP001536,Male,Yes,3,Graduate,No,39999.00,0.00,600.00,180,0,Semiurban,Y,39999.00
LP001541,Male,Yes,1,Graduate,No,6000.00,0.00,160.00,360,1,Rural,Y,6000.00
LP001543,Male,Yes,1,Graduate,No,9538.00,0.00,187.00,360,1,Urban,Y,9538.00
LP001546,Male,No,0,Graduate,No,2980.00,2083.00,120.00,360,1,Rural,Y,5063.00
LP001552,Male,Yes,0,Graduate,No,4583.00,5625.00,255.00,360,1,Semiurban,Y,10208.00
LP001560,Male,Yes,0,"Not Graduate",No,1863.00,1041.00,98.00,360,1,Semiurban,Y,2904.00
LP001562,Male,Yes,0,Graduate,No,7933.00,0.00,275.00,360,1,Urban,N,7933.00
LP001565,Male,Yes,1,Graduate,No,3089.00,1280.00,121.00,360,0,Semiurban,N,4369.00
LP001570,Male,Yes,2,Graduate,No,4167.00,1447.00,158.00,360,1,Rural,Y,5614.00
LP001572,Male,Yes,0,Graduate,No,9323.00,0.00,75.00,180,1,Urban,Y,9323.00
LP001574,Male,Yes,0,Graduate,No,3707.00,3166.00,182.00,360,1,Rural,Y,6873.00
LP001577,Female,Yes,0,Graduate,No,4583.00,0.00,112.00,360,1,Rural,N,4583.00
LP001578,Male,Yes,0,Graduate,No,2439.00,3333.00,129.00,360,1,Rural,Y,5772.00
LP001579,Male,No,0,Graduate,No,2237.00,0.00,63.00,480,0,Semiurban,N,2237.00
LP001580,Male,Yes,2,Graduate,No,8000.00,0.00,200.00,360,1,Semiurban,Y,8000.00
LP001581,Male,Yes,0,"Not Graduate",No,1820.00,1769.00,95.00,360,1,Rural,Y,3589.00
LP001585,other,Yes,3,Graduate,No,51763.00,0.00,700.00,300,1,Urban,Y,51763.00
LP001586,Male,Yes,3,"Not Graduate",No,3522.00,0.00,81.00,180,1,Rural,N,3522.00
LP001594,Male,Yes,0,Graduate,No,5708.00,5625.00,187.00,360,1,Semiurban,Y,11333.00
LP001603,Male,Yes,0,"Not Graduate",Yes,4344.00,736.00,87.00,360,1,Semiurban,N,5080.00
LP001606,Male,Yes,0,Graduate,No,3497.00,1964.00,116.00,360,1,Rural,Y,5461.00
LP001608,Male,Yes,2,Graduate,No,2045.00,1619.00,101.00,360,1,Rural,Y,3664.00
LP001610,Male,Yes,3,Graduate,No,5516.00,11300.00,495.00,360,0,Semiurban,N,16816.00
LP001616,Male,Yes,1,Graduate,No,3750.00,0.00,116.00,360,1,Semiurban,Y,3750.00
LP001630,Male,No,0,"Not Graduate",No,2333.00,1451.00,102.00,480,0,Urban,N,3784.00
LP001633,Male,Yes,1,Graduate,No,6400.00,7250.00,180.00,360,0,Urban,N,13650.00
LP001634,Male,No,0,Graduate,No,1916.00,5063.00,67.00,360,1,Rural,N,6979.00
LP001636,Male,Yes,0,Graduate,No,4600.00,0.00,73.00,180,1,Semiurban,Y,4600.00
LP001637,Male,Yes,1,Graduate,No,33846.00,0.00,260.00,360,1,Semiurban,N,33846.00
LP001639,Female,Yes,0,Graduate,No,3625.00,0.00,108.00,360,1,Semiurban,Y,3625.00
LP001640,Male,Yes,0,Graduate,Yes,39147.00,4750.00,120.00,360,1,Semiurban,Y,43897.00
LP001641,Male,Yes,1,Graduate,Yes,2178.00,0.00,66.00,300,0,Rural,N,2178.00
LP001643,Male,Yes,0,Graduate,No,2383.00,2138.00,58.00,360,1,Rural,Y,4521.00
LP001644,other,Yes,0,Graduate,Yes,674.00,5296.00,168.00,360,1,Rural,Y,5970.00
LP001647,Male,Yes,0,Graduate,No,9328.00,0.00,188.00,180,1,Rural,Y,9328.00
LP001653,Male,No,0,"Not Graduate",No,4885.00,0.00,48.00,360,1,Rural,Y,4885.00
LP001656,Male,No,0,Graduate,No,12000.00,0.00,164.00,360,1,Semiurban,N,12000.00
LP001657,Male,Yes,0,"Not Graduate",No,6033.00,0.00,160.00,360,1,Urban,N,6033.00
LP001658,Male,No,0,Graduate,No,3858.00,0.00,76.00,360,1,Semiurban,Y,3858.00
LP001664,Male,No,0,Graduate,No,4191.00,0.00,120.00,360,1,Rural,Y,4191.00
LP001665,Male,Yes,1,Graduate,No,3125.00,2583.00,170.00,360,1,Semiurban,N,5708.00
LP001666,Male,No,0,Graduate,No,8333.00,3750.00,187.00,360,1,Rural,Y,12083.00
LP001669,Female,No,0,"Not Graduate",No,1907.00,2365.00,120.00,360,1,Urban,Y,4272.00
LP001671,Female,Yes,0,Graduate,No,3416.00,2816.00,113.00,360,1,Semiurban,Y,6232.00
LP001673,Male,No,0,Graduate,Yes,11000.00,0.00,83.00,360,1,Urban,N,11000.00
LP001674,Male,Yes,1,"Not Graduate",No,2600.00,2500.00,90.00,360,1,Semiurban,Y,5100.00
LP001677,Male,No,2,Graduate,No,4923.00,0.00,166.00,360,0,Semiurban,Y,4923.00
LP001682,Male,Yes,3,"Not Graduate",No,3992.00,0.00,127.00,180,1,Urban,N,3992.00
LP001688,Male,Yes,1,"Not Graduate",No,3500.00,1083.00,135.00,360,1,Urban,Y,4583.00
LP001691,Male,Yes,2,"Not Graduate",No,3917.00,0.00,124.00,360,1,Semiurban,Y,3917.00
LP001692,Female,No,0,"Not Graduate",No,4408.00,0.00,120.00,360,1,Semiurban,Y,4408.00
LP001693,Female,No,0,Graduate,No,3244.00,0.00,80.00,360,1,Urban,Y,3244.00
LP001698,Male,No,0,"Not Graduate",No,3975.00,2531.00,55.00,360,1,Rural,Y,6506.00
LP001699,Male,No,0,Graduate,No,2479.00,0.00,59.00,360,1,Urban,Y,2479.00
LP001702,Male,No,0,Graduate,No,3418.00,0.00,127.00,360,1,Semiurban,N,3418.00
LP001708,Female,No,0,Graduate,No,10000.00,0.00,214.00,360,1,Semiurban,N,10000.00
LP001711,Male,Yes,3,Graduate,No,3430.00,1250.00,128.00,360,0,Semiurban,N,4680.00
LP001713,Male,Yes,1,Graduate,Yes,7787.00,0.00,240.00,360,1,Urban,Y,7787.00
LP001715,Male,Yes,3,"Not Graduate",Yes,5703.00,0.00,130.00,360,1,Rural,Y,5703.00
LP001716,Male,Yes,0,Graduate,No,3173.00,3021.00,137.00,360,1,Urban,Y,6194.00
LP001720,Male,Yes,3,"Not Graduate",No,3850.00,983.00,100.00,360,1,Semiurban,Y,4833.00
LP001722,Male,Yes,0,Graduate,No,150.00,1800.00,135.00,360,1,Rural,N,1950.00
LP001726,Male,Yes,0,Graduate,No,3727.00,1775.00,131.00,360,1,Semiurban,Y,5502.00
LP001732,Male,Yes,2,Graduate,No,5000.00,0.00,72.00,360,0,Semiurban,N,5000.00
LP001734,Female,Yes,2,Graduate,No,4283.00,2383.00,127.00,360,1,Semiurban,Y,6666.00
LP001736,Male,Yes,0,Graduate,No,2221.00,0.00,60.00,360,0,Urban,N,2221.00
LP001743,Male,Yes,2,Graduate,No,4009.00,1717.00,116.00,360,1,Semiurban,Y,5726.00
LP001744,Male,No,0,Graduate,No,2971.00,2791.00,144.00,360,1,Semiurban,Y,5762.00
LP001749,Male,Yes,0,Graduate,No,7578.00,1010.00,175.00,360,1,Semiurban,Y,8588.00
LP001750,Male,Yes,0,Graduate,No,6250.00,0.00,128.00,360,1,Semiurban,Y,6250.00
LP001751,Male,Yes,0,Graduate,No,3250.00,0.00,170.00,360,1,Rural,N,3250.00
LP001754,Male,Yes,0,"Not Graduate",Yes,4735.00,0.00,138.00,360,1,Urban,N,4735.00
LP001758,Male,Yes,2,Graduate,No,6250.00,1695.00,210.00,360,1,Semiurban,Y,7945.00
LP001760,Male,unknown,0,Graduate,No,4758.00,0.00,158.00,480,1,Semiurban,Y,4758.00
LP001761,Male,No,0,Graduate,Yes,6400.00,0.00,200.00,360,1,Rural,Y,6400.00
LP001765,Male,Yes,1,Graduate,No,2491.00,2054.00,104.00,360,1,Semiurban,Y,4545.00
LP001768,Male,Yes,0,Graduate,No,3716.00,0.00,42.00,180,1,Rural,Y,3716.00
LP001770,Male,No,0,"Not Graduate",No,3189.00,2598.00,120.00,360,1,Rural,Y,5787.00
LP001776,Female,No,0,Graduate,No,8333.00,0.00,280.00,360,1,Semiurban,Y,8333.00
LP001778,Male,Yes,1,Graduate,No,3155.00,1779.00,140.00,360,1,Semiurban,Y,4934.00
LP001784,Male,Yes,1,Graduate,No,5500.00,1260.00,170.00,360,1,Rural,Y,6760.00
LP001786,Male,Yes,0,Graduate,No,5746.00,0.00,255.00,360,1,Urban,N,5746.00
LP001788,Female,No,0,Graduate,Yes,3463.00,0.00,122.00,360,1,Urban,Y,3463.00
LP001790,Female,No,1,Graduate,No,3812.00,0.00,112.00,360,1,Rural,Y,3812.00
LP001792,Male,Yes,1,Graduate,No,3315.00,0.00,96.00,360,1,Semiurban,Y,3315.00
LP001798,Male,Yes,2,Graduate,No,5819.00,5000.00,120.00,360,1,Rural,Y,10819.00
LP001800,Male,Yes,1,"Not Graduate",No,2510.00,1983.00,140.00,180,1,Urban,N,4493.00
LP001806,Male,No,0,Graduate,No,2965.00,5701.00,155.00,60,1,Urban,Y,8666.00
LP001807,Male,Yes,2,Graduate,Yes,6250.00,1300.00,108.00,360,1,Rural,Y,7550.00
LP001811,Male,Yes,0,"Not Graduate",No,3406.00,4417.00,123.00,360,1,Semiurban,Y,7823.00
LP001813,Male,No,0,Graduate,Yes,6050.00,4333.00,120.00,180,1,Urban,N,10383.00
LP001814,Male,Yes,2,Graduate,No,9703.00,0.00,112.00,360,1,Urban,Y,9703.00
LP001819,Male,Yes,1,"Not Graduate",No,6608.00,0.00,137.00,180,1,Urban,Y,6608.00
LP001824,Male,Yes,1,Graduate,No,2882.00,1843.00,123.00,480,1,Semiurban,Y,4725.00
LP001825,Male,Yes,0,Graduate,No,1809.00,1868.00,90.00,360,1,Urban,Y,3677.00
LP001835,Male,Yes,0,"Not Graduate",No,1668.00,3890.00,201.00,360,0,Semiurban,N,5558.00
LP001836,Female,No,2,Graduate,No,3427.00,0.00,138.00,360,1,Urban,N,3427.00
LP001841,Male,No,0,"Not Graduate",Yes,2583.00,2167.00,104.00,360,1,Rural,Y,4750.00
LP001843,Male,Yes,1,"Not Graduate",No,2661.00,7101.00,279.00,180,1,Semiurban,Y,9762.00
LP001844,Male,No,0,Graduate,Yes,16250.00,0.00,192.00,360,0,Urban,N,16250.00
LP001846,Female,No,3,Graduate,No,3083.00,0.00,255.00,360,1,Rural,Y,3083.00
LP001849,Male,No,0,"Not Graduate",No,6045.00,0.00,115.00,360,0,Rural,N,6045.00
LP001854,Male,Yes,3,Graduate,No,5250.00,0.00,94.00,360,1,Urban,N,5250.00
LP001859,Male,Yes,0,Graduate,No,14683.00,2100.00,304.00,360,1,Rural,N,16783.00
LP001864,Male,Yes,3,"Not Graduate",No,4931.00,0.00,128.00,360,1,Semiurban,N,4931.00
LP001865,Male,Yes,1,Graduate,No,6083.00,4250.00,330.00,360,1,Urban,Y,10333.00
LP001868,Male,No,0,Graduate,No,2060.00,2209.00,134.00,360,1,Semiurban,Y,4269.00
LP001870,Female,No,1,Graduate,No,3481.00,0.00,155.00,36,1,Semiurban,N,3481.00
LP001871,Female,No,0,Graduate,No,7200.00,0.00,120.00,360,1,Rural,Y,7200.00
LP001872,Male,No,0,Graduate,Yes,5166.00,0.00,128.00,360,1,Semiurban,Y,5166.00
LP001875,Male,No,0,Graduate,No,4095.00,3447.00,151.00,360,1,Rural,Y,7542.00
LP001877,Male,Yes,2,Graduate,No,4708.00,1387.00,150.00,360,1,Semiurban,Y,6095.00
LP001882,Male,Yes,3,Graduate,No,4333.00,1811.00,160.00,360,0,Urban,Y,6144.00
LP001883,Female,No,0,Graduate,No,3418.00,0.00,135.00,360,1,Rural,N,3418.00
LP001884,Female,No,1,Graduate,No,2876.00,1560.00,90.00,360,1,Urban,Y,4436.00
LP001888,Female,No,0,Graduate,No,3237.00,0.00,30.00,360,1,Urban,Y,3237.00
LP001891,Male,Yes,0,Graduate,No,11146.00,0.00,136.00,360,1,Urban,Y,11146.00
LP001892,Male,No,0,Graduate,No,2833.00,1857.00,126.00,360,1,Rural,Y,4690.00
LP001894,Male,Yes,0,Graduate,No,2620.00,2223.00,150.00,360,1,Semiurban,Y,4843.00
LP001896,Male,Yes,2,Graduate,No,3900.00,0.00,90.00,360,1,Semiurban,Y,3900.00
LP001900,Male,Yes,1,Graduate,No,2750.00,1842.00,115.00,360,1,Semiurban,Y,4592.00
LP001903,Male,Yes,0,Graduate,No,3993.00,3274.00,207.00,360,1,Semiurban,Y,7267.00
LP001904,Male,Yes,0,Graduate,No,3103.00,1300.00,80.00,360,1,Urban,Y,4403.00
LP001907,Male,Yes,0,Graduate,No,14583.00,0.00,436.00,360,1,Semiurban,Y,14583.00
LP001908,Female,Yes,0,"Not Graduate",No,4100.00,0.00,124.00,360,1,Rural,Y,4100.00
LP001910,Male,No,1,"Not Graduate",Yes,4053.00,2426.00,158.00,360,0,Urban,N,6479.00
LP001914,Male,Yes,0,Graduate,No,3927.00,800.00,112.00,360,1,Semiurban,Y,4727.00
LP001915,Male,Yes,2,Graduate,No,2301.00,985.00,78.00,180,1,Urban,Y,3286.00
LP001917,Female,No,0,Graduate,No,1811.00,1666.00,54.00,360,1,Urban,Y,3477.00
LP001922,Male,Yes,0,Graduate,No,20667.00,0.00,127.00,360,1,Rural,N,20667.00
LP001924,Male,No,0,Graduate,No,3158.00,3053.00,89.00,360,1,Rural,Y,6211.00
LP001925,Female,No,0,Graduate,Yes,2600.00,1717.00,99.00,300,1,Semiurban,N,4317.00
LP001926,Male,Yes,0,Graduate,No,3704.00,2000.00,120.00,360,1,Rural,Y,5704.00
LP001931,Female,No,0,Graduate,No,4124.00,0.00,115.00,360,1,Semiurban,Y,4124.00
LP001935,Male,No,0,Graduate,No,9508.00,0.00,187.00,360,1,Rural,Y,9508.00
LP001936,Male,Yes,0,Graduate,No,3075.00,2416.00,139.00,360,1,Rural,Y,5491.00
LP001938,Male,Yes,2,Graduate,No,4400.00,0.00,127.00,360,0,Semiurban,N,4400.00
LP001940,Male,Yes,2,Graduate,No,3153.00,1560.00,134.00,360,1,Urban,Y,4713.00
LP001945,Female,No,0,Graduate,No,5417.00,0.00,143.00,480,0,Urban,N,5417.00
LP001947,Male,Yes,0,Graduate,No,2383.00,3334.00,172.00,360,1,Semiurban,Y,5717.00
LP001949,Male,Yes,3,Graduate,No,4416.00,1250.00,110.00,360,1,Urban,Y,5666.00
LP001953,Male,Yes,1,Graduate,No,6875.00,0.00,200.00,360,1,Semiurban,Y,6875.00
LP001954,Female,Yes,1,Graduate,No,4666.00,0.00,135.00,360,1,Urban,Y,4666.00
LP001955,Female,No,0,Graduate,No,5000.00,2541.00,151.00,480,1,Rural,N,7541.00
LP001963,Male,Yes,1,Graduate,No,2014.00,2925.00,113.00,360,1,Urban,N,4939.00
LP001964,Male,Yes,0,"Not Graduate",No,1800.00,2934.00,93.00,360,0,Urban,N,4734.00
LP001972,Male,Yes,0,"Not Graduate",No,2875.00,1750.00,105.00,360,1,Semiurban,Y,4625.00
LP001974,Female,No,0,Graduate,No,5000.00,0.00,132.00,360,1,Rural,Y,5000.00
LP001977,Male,Yes,1,Graduate,No,1625.00,1803.00,96.00,360,1,Urban,Y,3428.00
LP001978,Male,No,0,Graduate,No,4000.00,2500.00,140.00,360,1,Rural,Y,6500.00
LP001990,Male,No,0,"Not Graduate",No,2000.00,0.00,127.00,360,1,Urban,N,2000.00
LP001993,Female,No,0,Graduate,No,3762.00,1666.00,135.00,360,1,Rural,Y,5428.00
LP001994,Female,No,0,Graduate,No,2400.00,1863.00,104.00,360,0,Urban,N,4263.00
LP001996,Male,No,0,Graduate,No,20233.00,0.00,480.00,360,1,Rural,N,20233.00
LP001998,Male,Yes,2,"Not Graduate",No,7667.00,0.00,185.00,360,1,Rural,Y,7667.00
LP002002,Female,No,0,Graduate,No,2917.00,0.00,84.00,360,1,Semiurban,Y,2917.00
LP002004,Male,No,0,"Not Graduate",No,2927.00,2405.00,111.00,360,1,Semiurban,Y,5332.00
LP002006,Female,No,0,Graduate,No,2507.00,0.00,56.00,360,1,Rural,Y,2507.00
LP002008,Male,Yes,2,Graduate,Yes,5746.00,0.00,144.00,84,1,Rural,Y,5746.00
LP002024,other,Yes,0,Graduate,No,2473.00,1843.00,159.00,360,1,Rural,N,4316.00
LP002031,Male,Yes,1,"Not Graduate",No,3399.00,1640.00,111.00,180,1,Urban,Y,5039.00
LP002035,Male,Yes,2,Graduate,No,3717.00,0.00,120.00,360,1,Semiurban,Y,3717.00
LP002036,Male,Yes,0,Graduate,No,2058.00,2134.00,88.00,360,1,Urban,Y,4192.00
LP002043,Female,No,1,Graduate,No,3541.00,0.00,112.00,360,1,Semiurban,Y,3541.00
LP002050,Male,Yes,1,Graduate,Yes,10000.00,0.00,155.00,360,1,Rural,N,10000.00
LP002051,Male,Yes,0,Graduate,No,2400.00,2167.00,115.00,360,1,Semiurban,Y,4567.00
LP002053,Male,Yes,3,Graduate,No,4342.00,189.00,124.00,360,1,Semiurban,Y,4531.00
LP002054,Male,Yes,2,"Not Graduate",No,3601.00,1590.00,127.00,360,1,Rural,Y,5191.00
LP002055,Female,No,0,Graduate,No,3166.00,2985.00,132.00,360,1,Rural,Y,6151.00
LP002065,Male,Yes,3,Graduate,No,15000.00,0.00,300.00,360,1,Rural,Y,15000.00
LP002067,Male,Yes,1,Graduate,Yes,8666.00,4983.00,376.00,360,0,Rural,N,13649.00
LP002068,Male,No,0,Graduate,No,4917.00,0.00,130.00,360,0,Rural,Y,4917.00
LP002082,Male,Yes,0,Graduate,Yes,5818.00,2160.00,184.00,360,1,Semiurban,Y,7978.00
LP002086,Female,Yes,0,Graduate,No,4333.00,2451.00,110.00,360,1,Urban,N,6784.00
LP002087,Female,No,0,Graduate,No,2500.00,0.00,67.00,360,1,Urban,Y,2500.00
LP002097,Male,No,1,Graduate,No,4384.00,1793.00,117.00,360,1,Urban,Y,6177.00
LP002098,Male,No,0,Graduate,No,2935.00,0.00,98.00,360,1,Semiurban,Y,2935.00
LP002100,Male,No,0,Graduate,No,2833.00,0.00,71.00,360,1,Urban,Y,2833.00
LP002101,Male,Yes,0,Graduate,No,63337.00,0.00,490.00,180,1,Urban,Y,63337.00
LP002103,other,Yes,1,Graduate,Yes,9833.00,1833.00,182.00,180,1,Urban,Y,11666.00
LP002106,Male,Yes,0,Graduate,Yes,5503.00,4490.00,70.00,360,1,Semiurban,Y,9993.00
LP002110,Male,Yes,1,Graduate,No,5250.00,688.00,160.00,360,1,Rural,Y,5938.00
LP002112,Male,Yes,2,Graduate,Yes,2500.00,4600.00,176.00,360,1,Rural,Y,7100.00
LP002113,Female,No,3,"Not Graduate",No,1830.00,0.00,127.00,360,0,Urban,N,1830.00
LP002114,Female,No,0,Graduate,No,4160.00,0.00,71.00,360,1,Semiurban,Y,4160.00
LP002115,Male,Yes,3,"Not Graduate",No,2647.00,1587.00,173.00,360,1,Rural,N,4234.00
LP002116,Female,No,0,Graduate,No,2378.00,0.00,46.00,360,1,Rural,N,2378.00
LP002119,Male,Yes,1,"Not Graduate",No,4554.00,1229.00,158.00,360,1,Urban,Y,5783.00
LP002126,Male,Yes,3,"Not Graduate",No,3173.00,0.00,74.00,360,1,Semiurban,Y,3173.00
LP002128,Male,Yes,2,Graduate,No,2583.00,2330.00,125.00,360,1,Rural,Y,4913.00
LP002129,Male,Yes,0,Graduate,No,2499.00,2458.00,160.00,360,1,Semiurban,Y,4957.00
LP002130,Male,Yes,0,"Not Graduate",No,3523.00,3230.00,152.00,360,0,Rural,N,6753.00
LP002131,Male,Yes,2,"Not Graduate",No,3083.00,2168.00,126.00,360,1,Urban,Y,5251.00
LP002137,Male,Yes,0,Graduate,No,6333.00,4583.00,259.00,360,1,Semiurban,Y,10916.00
LP002138,Male,Yes,0,Graduate,No,2625.00,6250.00,187.00,360,1,Rural,Y,8875.00
LP002139,Male,Yes,0,Graduate,No,9083.00,0.00,228.00,360,1,Semiurban,Y,9083.00
LP002140,Male,No,0,Graduate,No,8750.00,4167.00,308.00,360,1,Rural,N,12917.00
LP002141,Male,Yes,3,Graduate,No,2666.00,2083.00,95.00,360,1,Rural,Y,4749.00
LP002142,Female,Yes,0,Graduate,Yes,5500.00,0.00,105.00,360,0,Rural,N,5500.00
LP002143,Female,Yes,0,Graduate,No,2423.00,505.00,130.00,360,1,Semiurban,Y,2928.00
LP002144,Female,No,0,Graduate,No,3813.00,0.00,116.00,180,1,Urban,Y,3813.00
LP002149,Male,Yes,2,Graduate,No,8333.00,3167.00,165.00,360,1,Rural,Y,11500.00
LP002151,Male,Yes,1,Graduate,No,3875.00,0.00,67.00,360,1,Urban,N,3875.00
LP002158,Male,Yes,0,"Not Graduate",No,3000.00,1666.00,100.00,480,0,Urban,N,4666.00
LP002160,Male,Yes,3,Graduate,No,5167.00,3167.00,200.00,360,1,Semiurban,Y,8334.00
LP002161,Female,No,1,Graduate,No,4723.00,0.00,81.00,360,1,Semiurban,N,4723.00
LP002170,Male,Yes,2,Graduate,No,5000.00,3667.00,236.00,360,1,Semiurban,Y,8667.00
LP002175,Male,Yes,0,Graduate,No,4750.00,2333.00,130.00,360,1,Urban,Y,7083.00
LP002178,Male,Yes,0,Graduate,No,3013.00,3033.00,95.00,300,1,Urban,Y,6046.00
LP002180,Male,No,0,Graduate,Yes,6822.00,0.00,141.00,360,1,Rural,Y,6822.00
LP002181,Male,No,0,"Not Graduate",No,6216.00,0.00,133.00,360,1,Rural,N,6216.00
LP002187,Male,No,0,Graduate,No,2500.00,0.00,96.00,480,1,Semiurban,N,2500.00
LP002188,Male,No,0,Graduate,No,5124.00,0.00,124.00,360,0,Rural,N,5124.00
LP002190,Male,Yes,1,Graduate,No,6325.00,0.00,175.00,360,1,Semiurban,Y,6325.00
LP002191,Male,Yes,0,Graduate,No,19730.00,5266.00,570.00,360,1,Rural,N,24996.00
LP002194,Female,No,0,Graduate,Yes,15759.00,0.00,55.00,360,1,Semiurban,Y,15759.00
LP002197,Male,Yes,2,Graduate,No,5185.00,0.00,155.00,360,1,Semiurban,Y,5185.00
LP002201,Male,Yes,2,Graduate,Yes,9323.00,7873.00,380.00,300,1,Rural,Y,17196.00
LP002205,Male,No,1,Graduate,No,3062.00,1987.00,111.00,180,0,Urban,N,5049.00
LP002209,Female,No,0,Graduate,No,2764.00,1459.00,110.00,360,1,Urban,Y,4223.00
LP002211,Male,Yes,0,Graduate,No,4817.00,923.00,120.00,180,1,Urban,Y,5740.00
LP002219,Male,Yes,3,Graduate,No,8750.00,4996.00,130.00,360,1,Rural,Y,13746.00
LP002223,Male,Yes,0,Graduate,No,4310.00,0.00,130.00,360,1,Semiurban,Y,4310.00
LP002224,Male,No,0,Graduate,No,3069.00,0.00,71.00,480,1,Urban,N,3069.00
LP002225,Male,Yes,2,Graduate,No,5391.00,0.00,130.00,360,1,Urban,Y,5391.00
LP002226,Male,Yes,0,Graduate,No,3333.00,2500.00,128.00,360,1,Semiurban,Y,5833.00
LP002229,Male,No,0,Graduate,No,5941.00,4232.00,296.00,360,1,Semiurban,Y,10173.00
LP002231,Female,No,0,Graduate,No,6000.00,0.00,156.00,360,1,Urban,Y,6000.00
LP002234,Male,No,0,Graduate,Yes,7167.00,0.00,128.00,360,1,Urban,Y,7167.00
LP002236,Male,Yes,2,Graduate,No,4566.00,0.00,100.00,360,1,Urban,N,4566.00
LP002237,Male,No,1,Graduate,No,3667.00,0.00,113.00,180,1,Urban,Y,3667.00
LP002239,Male,No,0,"Not Graduate",No,2346.00,1600.00,132.00,360,1,Semiurban,Y,3946.00
LP002243,Male,Yes,0,"Not Graduate",No,3010.00,3136.00,127.00,360,0,Urban,N,6146.00
LP002244,Male,Yes,0,Graduate,No,2333.00,2417.00,136.00,360,1,Urban,Y,4750.00
LP002250,Male,Yes,0,Graduate,No,5488.00,0.00,125.00,360,1,Rural,Y,5488.00
LP002255,Male,No,3,Graduate,No,9167.00,0.00,185.00,360,1,Rural,Y,9167.00
LP002262,Male,Yes,3,Graduate,No,9504.00,0.00,275.00,360,1,Rural,Y,9504.00
LP002263,Male,Yes,0,Graduate,No,2583.00,2115.00,120.00,360,1,Urban,Y,4698.00
LP002265,Male,Yes,2,"Not Graduate",No,1993.00,1625.00,113.00,180,1,Semiurban,Y,3618.00
LP002266,Male,Yes,2,Graduate,No,3100.00,1400.00,113.00,360,1,Urban,Y,4500.00
LP002272,Male,Yes,2,Graduate,No,3276.00,484.00,135.00,360,1,Semiurban,Y,3760.00
LP002277,Female,No,0,Graduate,No,3180.00,0.00,71.00,360,0,Urban,N,3180.00
LP002281,Male,Yes,0,Graduate,No,3033.00,1459.00,95.00,360,1,Urban,Y,4492.00
LP002284,Male,No,0,"Not Graduate",No,3902.00,1666.00,109.00,360,1,Rural,Y,5568.00
LP002287,Female,No,0,Graduate,No,1500.00,1800.00,103.00,360,0,Semiurban,N,3300.00
LP002288,Male,Yes,2,"Not Graduate",No,2889.00,0.00,45.00,180,0,Urban,N,2889.00
LP002296,Male,No,0,"Not Graduate",No,2755.00,0.00,65.00,300,1,Rural,N,2755.00
LP002297,Male,No,0,Graduate,No,2500.00,20000.00,103.00,360,1,Semiurban,Y,22500.00
LP002300,Female,No,0,"Not Graduate",No,1963.00,0.00,53.00,360,1,Semiurban,Y,1963.00
LP002301,Female,No,0,Graduate,Yes,7441.00,0.00,194.00,360,1,Rural,N,7441.00
LP002305,Female,No,0,Graduate,No,4547.00,0.00,115.00,360,1,Semiurban,Y,4547.00
LP002308,Male,Yes,0,"Not Graduate",No,2167.00,2400.00,115.00,360,1,Urban,Y,4567.00
LP002314,Female,No,0,"Not Graduate",No,2213.00,0.00,66.00,360,1,Rural,Y,2213.00
LP002315,Male,Yes,1,Graduate,No,8300.00,0.00,152.00,300,0,Semiurban,N,8300.00
LP002317,Male,Yes,3,Graduate,No,81000.00,0.00,360.00,360,0,Rural,N,81000.00
LP002318,Female,No,1,"Not Graduate",Yes,3867.00,0.00,62.00,360,1,Semiurban,N,3867.00
LP002319,Male,Yes,0,Graduate,No,6256.00,0.00,160.00,360,1,Urban,Y,6256.00
LP002328,Male,Yes,0,"Not Graduate",No,6096.00,0.00,218.00,360,0,Rural,N,6096.00
LP002332,Male,Yes,0,"Not Graduate",No,2253.00,2033.00,110.00,360,1,Rural,Y,4286.00
LP002335,Female,Yes,0,"Not Graduate",No,2149.00,3237.00,178.00,360,0,Semiurban,N,5386.00
LP002337,Female,No,0,Graduate,No,2995.00,0.00,60.00,360,1,Urban,Y,2995.00
LP002341,Female,No,1,Graduate,No,2600.00,0.00,160.00,360,1,Urban,N,2600.00
LP002342,Male,Yes,2,Graduate,Yes,1600.00,20000.00,239.00,360,1,Urban,N,21600.00
LP002345,Male,Yes,0,Graduate,No,1025.00,2773.00,112.00,360,1,Rural,Y,3798.00
LP002347,Male,Yes,0,Graduate,No,3246.00,1417.00,138.00,360,1,Semiurban,Y,4663.00
LP002348,Male,Yes,0,Graduate,No,5829.00,0.00,138.00,360,1,Rural,Y,5829.00
LP002357,Female,No,0,"Not Graduate",No,2720.00,0.00,80.00,360,0,Urban,N,2720.00
LP002361,Male,Yes,0,Graduate,No,1820.00,1719.00,100.00,360,1,Urban,Y,3539.00
LP002362,Male,Yes,1,Graduate,No,7250.00,1667.00,110.00,360,0,Urban,N,8917.00
LP002364,Male,Yes,0,Graduate,No,14880.00,0.00,96.00,360,1,Semiurban,Y,14880.00
LP002366,Male,Yes,0,Graduate,No,2666.00,4300.00,121.00,360,1,Rural,Y,6966.00
LP002367,Female,No,1,"Not Graduate",No,4606.00,0.00,81.00,360,1,Rural,N,4606.00
LP002368,Male,Yes,2,Graduate,No,5935.00,0.00,133.00,360,1,Semiurban,Y,5935.00
LP002369,Male,Yes,0,Graduate,No,2920.00,16.00,87.00,360,1,Rural,Y,2936.00
LP002370,Male,No,0,"Not Graduate",No,2717.00,0.00,60.00,180,1,Urban,Y,2717.00
LP002377,Female,No,1,Graduate,Yes,8624.00,0.00,150.00,360,1,Semiurban,Y,8624.00
LP002379,Male,No,0,Graduate,No,6500.00,0.00,105.00,360,0,Rural,N,6500.00
LP002386,Male,No,0,Graduate,No,12876.00,0.00,405.00,360,1,Semiurban,Y,12876.00
LP002387,Male,Yes,0,Graduate,No,2425.00,2340.00,143.00,360,1,Semiurban,Y,4765.00
LP002390,Male,No,0,Graduate,No,3750.00,0.00,100.00,360,1,Urban,Y,3750.00
LP002393,Female,unknown,0,Graduate,No,10047.00,0.00,127.00,240,1,Semiurban,Y,10047.00
LP002398,Male,No,0,Graduate,No,1926.00,1851.00,50.00,360,1,Semiurban,Y,3777.00
LP002401,Male,Yes,0,Graduate,No,2213.00,1125.00,127.00,360,1,Urban,Y,3338.00
LP002403,Male,No,0,Graduate,Yes,10416.00,0.00,187.00,360,0,Urban,N,10416.00
LP002407,Female,Yes,0,"Not Graduate",Yes,7142.00,0.00,138.00,360,1,Rural,Y,7142.00
LP002408,Male,No,0,Graduate,No,3660.00,5064.00,187.00,360,1,Semiurban,Y,8724.00
LP002409,Male,Yes,0,Graduate,No,7901.00,1833.00,180.00,360,1,Rural,Y,9734.00
LP002418,Male,No,3,"Not Graduate",No,4707.00,1993.00,148.00,360,1,Semiurban,Y,6700.00
LP002422,Male,No,1,Graduate,No,37719.00,0.00,152.00,360,1,Semiurban,Y,37719.00
LP002424,Male,Yes,0,Graduate,No,7333.00,8333.00,175.00,300,1,Rural,Y,15666.00
LP002429,Male,Yes,1,Graduate,Yes,3466.00,1210.00,130.00,360,1,Rural,Y,4676.00
LP002434,Male,Yes,2,"Not Graduate",No,4652.00,0.00,110.00,360,1,Rural,Y,4652.00
LP002435,Male,Yes,0,Graduate,No,3539.00,1376.00,55.00,360,1,Rural,N,4915.00
LP002443,Male,Yes,2,Graduate,No,3340.00,1710.00,150.00,360,0,Rural,N,5050.00
LP002444,Male,No,1,"Not Graduate",Yes,2769.00,1542.00,190.00,360,1,Semiurban,N,4311.00
LP002446,Male,Yes,2,"Not Graduate",No,2309.00,1255.00,125.00,360,0,Rural,N,3564.00
LP002447,Male,Yes,2,"Not Graduate",No,1958.00,1456.00,60.00,300,1,Urban,Y,3414.00
LP002448,Male,Yes,0,Graduate,No,3948.00,1733.00,149.00,360,0,Rural,N,5681.00
LP002449,Male,Yes,0,Graduate,No,2483.00,2466.00,90.00,180,0,Rural,Y,4949.00
LP002453,Male,No,0,Graduate,Yes,7085.00,0.00,84.00,360,1,Semiurban,Y,7085.00
LP002455,Male,Yes,2,Graduate,No,3859.00,0.00,96.00,360,1,Semiurban,Y,3859.00
LP002459,Male,Yes,0,Graduate,No,4301.00,0.00,118.00,360,1,Urban,Y,4301.00
LP002467,Male,Yes,0,Graduate,No,3708.00,2569.00,173.00,360,1,Urban,N,6277.00
LP002472,Male,No,2,Graduate,No,4354.00,0.00,136.00,360,1,Rural,Y,4354.00
LP002473,Male,Yes,0,Graduate,No,8334.00,0.00,160.00,360,1,Semiurban,N,8334.00
LP002478,other,Yes,0,Graduate,Yes,2083.00,4083.00,160.00,360,1,Semiurban,Y,6166.00
LP002484,Male,Yes,3,Graduate,No,7740.00,0.00,128.00,180,1,Urban,Y,7740.00
LP002487,Male,Yes,0,Graduate,No,3015.00,2188.00,153.00,360,1,Rural,Y,5203.00
LP002489,Female,No,1,"Not Graduate",No,5191.00,0.00,132.00,360,1,Semiurban,Y,5191.00
LP002493,Male,No,0,Graduate,No,4166.00,0.00,98.00,360,0,Semiurban,N,4166.00
LP002494,Male,No,0,Graduate,No,6000.00,0.00,140.00,360,1,Rural,Y,6000.00
LP002500,Male,Yes,3,"Not Graduate",No,2947.00,1664.00,70.00,180,0,Urban,N,4611.00
LP002501,other,Yes,0,Graduate,No,16692.00,0.00,110.00,360,1,Semiurban,Y,16692.00
LP002502,Female,Yes,2,"Not Graduate",No,210.00,2917.00,98.00,360,1,Semiurban,Y,3127.00
LP002505,Male,Yes,0,Graduate,No,4333.00,2451.00,110.00,360,1,Urban,N,6784.00
LP002515,Male,Yes,1,Graduate,Yes,3450.00,2079.00,162.00,360,1,Semiurban,Y,5529.00
LP002517,Male,Yes,1,"Not Graduate",No,2653.00,1500.00,113.00,180,0,Rural,N,4153.00
LP002519,Male,Yes,3,Graduate,No,4691.00,0.00,100.00,360,1,Semiurban,Y,4691.00
LP002522,Female,No,0,Graduate,Yes,2500.00,0.00,93.00,360,1,Urban,Y,2500.00
LP002524,Male,No,2,Graduate,No,5532.00,4648.00,162.00,360,1,Rural,Y,10180.00
LP002527,Male,Yes,2,Graduate,Yes,16525.00,1014.00,150.00,360,1,Rural,Y,17539.00
LP002529,Male,Yes,2,Graduate,No,6700.00,1750.00,230.00,300,1,Semiurban,Y,8450.00
LP002530,other,Yes,2,Graduate,No,2873.00,1872.00,132.00,360,0,Semiurban,N,4745.00
LP002531,Male,Yes,1,Graduate,Yes,16667.00,2250.00,86.00,360,1,Semiurban,Y,18917.00
LP002533,Male,Yes,2,Graduate,No,2947.00,1603.00,127.00,360,1,Urban,N,4550.00
LP002534,Female,No,0,"Not Graduate",No,4350.00,0.00,154.00,360,1,Rural,Y,4350.00
LP002536,Male,Yes,3,"Not Graduate",No,3095.00,0.00,113.00,360,1,Rural,Y,3095.00
LP002537,Male,Yes,0,Graduate,No,2083.00,3150.00,128.00,360,1,Semiurban,Y,5233.00
LP002541,Male,Yes,0,Graduate,No,10833.00,0.00,234.00,360,1,Semiurban,Y,10833.00
LP002543,Male,Yes,2,Graduate,No,8333.00,0.00,246.00,360,1,Semiurban,Y,8333.00
LP002544,Male,Yes,1,"Not Graduate",No,1958.00,2436.00,131.00,360,1,Rural,Y,4394.00
LP002545,Male,No,2,Graduate,No,3547.00,0.00,80.00,360,0,Rural,N,3547.00
LP002547,Male,Yes,1,Graduate,No,18333.00,0.00,500.00,360,1,Urban,N,18333.00
LP002555,Male,Yes,2,Graduate,Yes,4583.00,2083.00,160.00,360,1,Semiurban,Y,6666.00
LP002556,Male,No,0,Graduate,No,2435.00,0.00,75.00,360,1,Urban,N,2435.00
LP002560,Male,No,0,"Not Graduate",No,2699.00,2785.00,96.00,360,1,Semiurban,Y,5484.00
LP002562,Male,Yes,1,"Not Graduate",No,5333.00,1131.00,186.00,360,1,Urban,Y,6464.00
LP002571,Male,No,0,"Not Graduate",No,3691.00,0.00,110.00,360,1,Rural,Y,3691.00
LP002582,Female,No,0,"Not Graduate",Yes,17263.00,0.00,225.00,360,1,Semiurban,Y,17263.00
LP002585,Male,Yes,0,Graduate,No,3597.00,2157.00,119.00,360,0,Rural,N,5754.00
LP002586,Female,Yes,1,Graduate,No,3326.00,913.00,105.00,84,1,Semiurban,Y,4239.00
LP002587,Male,Yes,0,"Not Graduate",No,2600.00,1700.00,107.00,360,1,Rural,Y,4300.00
LP002588,Male,Yes,0,Graduate,No,4625.00,2857.00,111.00,12,1,Urban,Y,7482.00
LP002600,Male,Yes,1,Graduate,Yes,2895.00,0.00,95.00,360,1,Semiurban,Y,2895.00
LP002602,Male,No,0,Graduate,No,6283.00,4416.00,209.00,360,0,Rural,N,10699.00
